Simulation_name,Snapshot,Step,Time_(s),sps,tps,T,CO_Desorption_tof_data,Do_nothing_tof_data,CO_Desorption_tof_integ,Do_nothing_tof_integ,CO_simple_cubic_coord1,empty_simple_cubic_coord1,
MyFirstTPD_Precovered,0,0,0.0,0,0,300,0.0,0.0,0.0,0.0,1.0,0.0,
MyFirstTPD_Precovered,1,10,0.7716540763417846,10,0.7716540763417846,300,0.032397936804168304,0.0,0.033778177376813094,0.0,0.975,0.025,
MyFirstTPD_Precovered,2,20,1.3286440026200783,10,0.5569899262782937,303.8582703817089,0.04488411517070963,0.0,0.050712606688845065,0.0,0.95,0.05,
MyFirstTPD_Precovered,3,30,1.7828803376273037,10,0.4542363350072254,306.64322001310035,0.0550374289181475,0.0,0.0670165504621908,0.0,0.925,0.075,
MyFirstTPD_Precovered,4,40,2.068353255692924,10,0.28547291806562014,308.9144016881365,0.08757398134086185,0.0,0.08292654141802576,0.0,0.9,0.1,
